region,position,consensus,variants,drug,IAS,Stanford,SDRM
PR,23,L,I,PI,0,0,1
PR,24,L,I,PI,0,0,1
PR,30,D,N,PI,1,1,1
PR,32,V,I,PI,1,1,1
PR,33,L,F,PI,0,1,0
PR,46,M,I,PI,1,1,1
PR,46,M,L,PI,1,1,1
PR,47,I,V,PI,1,1,1
PR,47,I,A,PI,1,1,1
PR,48,G,V,PI,1,1,1
PR,48,G,M,PI,0,1,1
PR,50,I,L,PI,1,1,1
PR,50,I,V,PI,1,1,1
PR,53,F,L,PI,0,0,1
PR,53,F,L,PI,0,0,1
PR,54,I,V,PI,0,1,1
PR,54,I,T,PI,0,1,1
PR,54,I,A,PI,0,1,1
PR,54,I,L,PI,1,1,1
PR,54,I,M,PI,1,1,1
PR,76,L,V,PI,1,1,1
PR,82,V,A,PI,1,1,1
PR,82,V,T,PI,1,1,1
PR,82,V,F,PI,1,1,1
PR,82,V,S,PI,1,1,1
PR,82,V,L,PI,1,1,1
PR,82,V,C,PI,0,0,1
PR,82,V,M,PI,0,0,1
PR,83,N,D,PI,1,0,1
PR,84,I,V,PI,1,1,1
PR,84,I,A,PI,0,0,1
PR,84,I,C,PI,0,0,1
PR,85,I,V,PI,0,0,1
PR,88,N,S,PI,1,1,1
PR,88,N,D,PI,0,1,1
PR,90,L,M,PI,1,1,1
RT,41,M,L,NRTI,1,1,1
RT,62,A,V,NRTI,1,0,1
RT,65,K,R,NRTI,1,1,1
RT,65,K,E,NRTI,1,0,0
RT,65,K,N,NRTI,1,0,0
RT,67,D,N,NRTI,1,1,1
RT,67,D,G,NRTI,0,0,1
RT,67,D,E,NRTI,0,0,1
RT,69,T,ins,NRTI,1,1,1
RT,69,T,D,NRTI,0,0,1
RT,70,K,R,NRTI,1,1,1
RT,70,K,E,NRTI,1,1,1
RT,74,L,V,NRTI,1,1,1
RT,74,L,I,NRTI,0,1,1
RT,75,V,I,NRTI,1,0,
RT,75,V,M,NRTI,0,0,1
RT,75,V,T,NRTI,0,0,1
RT,75,V,A,NRTI,0,0,1
RT,75,V,S,NRTI,0,0,1
RT,77,F,L,NRTI,1,0,1
RT,115,Y,F,NRTI,1,1,1
RT,116,F,Y,NRTI,1,0,1
RT,151,Q,M,NRTI,1,1,1
RT,184,M,V,NRTI,1,1,1
RT,184,M,I,NRTI,1,1,1
RT,210,L,W,NRTI,1,1,1
RT,215,T,Y,NRTI,1,1,1
RT,215,T,F,NRTI,1,1,1
RT,215,T,I,NRTI,0,0,1
RT,215,T,S,NRTI,0,0,1
RT,215,T,C,NRTI,0,0,1
RT,215,T,D,NRTI,0,0,1
RT,215,T,V,NRTI,0,0,1
RT,215,T,E,NRTI,0,0,1
RT,219,K,Q,NRTI,1,1,1
RT,219,K,E,NRTI,1,1,1
RT,219,K,N,NRTI,0,0,1
RT,219,K,R,NRTI,0,0,1
RT,100,L,I,NNRTI,1,1,1
RT,101,K,P,NNRTI,1,1,1
RT,101,K,E,NNRTI,1,1,1
RT,103,K,N,NNRTI,1,1,1
RT,103,K,S,NNRTI,1,1,1
RT,106,V,M,NNRTI,1,1,1
RT,106,V,A,NNRTI,1,1,1
RT,106,V,I,NNRTI,0,1,0
RT,108,V,I,NNRTI,1,0,0
RT,138,E,A,NNRTI,1,1,0
RT,138,E,G,NNRTI,1,1,0
RT,138,E,K,NNRTI,1,1,0
RT,138,E,Q,NNRTI,1,1,0
RT,138,E,R,NNRTI,1,0,0
RT,179,V,L,NNRTI,1,0,0
RT,179,V,F,NNRTI,0,0,1
RT,181,Y,C,NNRTI,1,1,1
RT,181,Y,I,NNRTI,1,1,1
RT,181,Y,V,NNRTI,1,1,1
RT,188,Y,L,NNRTI,1,1,1
RT,188,Y,C,NNRTI,1,1,1
RT,188,Y,H,NNRTI,1,1,1
RT,190,G,S,NNRTI,1,1,1
RT,190,G,A,NNRTI,1,1,1
RT,190,G,E,NNRTI,0,1,1
RT,221,H,Y,NNRTI,1,0,0
RT,225,P,H,NNRTI,1,0,1
RT,227,F,C,NNRTI,1,0,0
RT,230,M,L,NNRTI,1,1,1
RT,230,M,I,NNRTI,1,0,0
IN,66,T,I,INSTI,1,1,1
IN,66,T,A,INSTI,0,1,1
IN,66,T,K,INSTI,0,1,1
IN,92,E,Q,INSTI,1,1,1
IN,92,E,G,INSTI,0,0,1
IN,118,G,R,INSTI,0,0,1
IN,121,F,Y,INSTI,1,1,1
IN,138,E,K,INSTI,0,1,1
IN,138,E,A,INSTI,0,1,1
IN,138,E,T,INSTI,0,1,1
IN,140,G,S,INSTI,0,1,1
IN,140,G,A,INSTI,0,1,1
IN,140,G,C,INSTI,0,1,1
IN,143,Y,R,INSTI,1,1,1
IN,143,Y,H,INSTI,1,1,1
IN,143,Y,C,INSTI,1,1,1
IN,143,Y,S,INSTI,0,0,1
IN,147,S,G,INSTI,1,1,1
IN,148,Q,H,INSTI,1,1,1
IN,148,Q,K,INSTI,1,1,1
IN,148,Q,R,INSTI,1,1,1
IN,155,N,H,INSTI,1,1,1
IN,230,S,R,INSTI,0,0,1
IN,263,R,K,INSTI,0,1,1
