hmm	hxb2	drm	drmgene	ins	del	hmmaa	hxb2aa	score
1	8797			0	0	m	M	9
2	8800			0	0	g	G	*
3	8803			0	0	g	G	*
4	8806			0	0	k	K	*
5	8809			0	0	w	W	*
6	8812			0	0	s	S	*
7	8815			0	0	k	K	*
8	8818			0	0	s	S	*
9	8821			0	0	s	S	*
10	8824			0	0	i	V	*
11	8827			0	0	v	I	*
12	8830			0	0	g	G	*
13	8833			0	0	w	W	*
14	8836			0	0	p	P	*
15	8839			0	0	a	T	*
16	8842			0	0	v	V	*
17	8845			0	0	r	R	*
18	8848			0	0	e	E	*
19	8851			0	0	r	R	*
20	8854			0	0	i	M	*
21	8857			0	0	r	R	*
22	8860			0	0	r	R	*
23	8863			0	0	t	A	*
24	8866			0	0	e	E	*
25	8869			0	0	p	P	*
26	8872			0	0	a	A	*
27	8875			0	0	a	A	*
28	8878			0	0	e	D	*
29	8881			0	0	g	R	*
30	8884			0	0	v	V	*
31	8887			0	0	g	G	*
32	8890			0	0	a	A	*
33	8893			0	0	v	A	*
34	8896			0	0	s	S	*
35	8899			0	0	r	R	*
36	8902			0	0	d	D	*
37	8905			0	0	l	L	*
38	8908			0	0	e	E	*
39	8911			0	0	k	K	*
40	8914			0	0	h	H	*
41	8917			0	0	g	G	*
42	8920			0	0	a	A	*
43	8923			0	0	i	I	*
44	8926			0	0	t	T	*
45	8929			0	0	s	S	*
46	8932			0	0	s	S	*
47	8935			0	0	n	N	*
48	8938			0	0	t	T	*
49	8941			0	0	a	A	*
50	8944			0	0	a	A	*
51	8947			0	0	n	T	*
52	8950			0	0	n	N	*
53	8953			0	0	a	A	*
54	8956			0	0	d	A	*
55	8959			0	0	c	C	*
56	8962			0	0	a	A	*
57	8965			0	0	w	W	*
58	8968			0	0	l	L	*
59	8971			0	0	e	E	*
60	8974			0	0	a	A	*
61	8977			0	1	qe	Q	**
62	8977			0	0	qe	Q	**
63	8980			0	0	e	E	9
64	8983			0	0	e	E	9
65	8986			0	0	e	E	*
66	8989			0	0	e	E	*
67	8992			0	0	v	V	*
68	8995			0	0	g	G	*
69	8998			0	0	f	F	*
70	9001			0	0	p	P	*
71	9004			0	0	v	V	*
72	9007			0	0	r	T	*
73	9010			0	0	p	P	*
74	9013			0	0	q	Q	*
75	9016			0	0	v	V	*
76	9019			0	0	p	P	*
77	9022			0	0	l	L	*
78	9025			0	0	r	R	*
79	9028			0	0	p	P	*
80	9031			0	0	m	M	*
81	9034			0	0	t	T	*
82	9037			0	0	y	Y	*
83	9040			0	0	k	K	*
84	9043			0	0	a	A	*
85	9046			0	0	a	A	*
86	9049			0	0	l	V	*
87	9052			0	0	d	D	*
88	9055			0	0	l	L	*
89	9058			0	0	s	S	*
90	9061			0	0	f	H	*
91	9064			0	0	f	F	*
92	9067			0	0	l	L	*
93	9070			0	0	k	K	*
94	9073			0	0	e	E	*
95	9076			0	0	k	K	*
96	9079			0	0	g	G	*
97	9082			0	0	g	G	*
98	9085			0	0	l	L	*
99	9088			0	0	e	E	*
100	9091			0	0	g	G	*
101	9094			0	0	l	L	*
102	9097			0	0	i	I	*
103	9100			0	0	y	H	*
104	9103			0	0	s	S	*
105	9106			0	0	k	Q	*
106	9109			0	0	k	R	*
107	9112			0	0	r	R	*
108	9115			0	0	q	Q	*
109	9118			0	0	e	D	*
110	9121			0	0	i	I	*
111	9124			0	0	l	L	*
112	9127			0	0	d	D	*
113	9130			0	0	l	L	*
114	9133			0	0	w	W	*
115	9136			0	0	v	I	*
116	9139			0	0	y	Y	*
117	9142			0	0	h	H	*
118	9145			0	0	t	T	*
119	9148			0	0	q	Q	*
120	9151			0	0	g	G	*
121	9154			0	0	y	Y	*
122	9157			0	0	f	F	*
123	9160			0	0	p	P	*
124	9163			0	0	d	D	*
125	9166			0	0	w	X	*
126	9169			0	0	q	Q	*
127	9172			0	0	n	N	*
128	9175			0	0	y	Y	*
129	9178			0	0	t	T	*
130	9181			0	0	p	P	*
131	9184			0	0	g	G	*
132	9187			0	0	P	P	*
133	9190			0	0	g	G	*
134	9193			0	0	v	V	*
135	9196			0	0	r	R	*
136	9199			0	0	y	Y	*
137	9202			0	0	p	P	*
138	9205			0	0	l	L	*
139	9208			0	0	t	T	*
140	9211			0	0	f	F	*
141	9214			0	0	g	G	*
142	9217			0	0	W	W	*
143	9220			0	0	c	C	*
144	9223			0	0	f	Y	*
145	9226			0	0	k	K	*
146	9229			0	0	l	L	*
147	9232			0	0	v	V	*
148	9235			0	0	p	P	*
149	9238			0	0	v	V	*
150	9241			0	0	d	E	*
151	9244			0	0	p	P	*
152	9247			0	0	e	D	*
153	9250			0	0	e	K	*
154	9253			0	0	v	I	*
155	9256			0	0	e	E	*
156	9259			0	0	e	E	*
157	9262			0	0	a	A	*
158	9265			0	0	n	N	*
159	9268			0	0	e	K	*
160	9271			0	0	g	G	*
161	9274			0	0	e	E	*
162	9277			0	0	n	N	*
163	9280			0	0	n	T	*
164	9283			0	0	s	S	*
165	9286			0	0	l	L	*
166	9289			0	0	l	L	*
167	9292			0	0	h	H	*
168	9295			0	0	p	P	*
169	9298			0	0	i	V	*
170	9301			0	0	s	S	*
171	9304			0	0	q	L	*
172	9307			0	0	h	H	*
173	9310			0	0	g	G	*
174	9313			0	0	m	M	*
175	9316			0	0	e	D	*
176	9319			0	0	d	D	*
177	9322			0	0	e	P	*
178	9325			0	0	e	E	*
179	9328			0	0	r	R	*
180	9331			0	0	e	E	*
181	9334			0	0	v	V	*
182	9337			0	0	l	L	*
183	9340			0	0	k	E	*
184	9343			0	0	w	W	*
185	9346			0	0	k	R	*
186	9349			0	0	f	F	*
187	9352			0	0	d	D	*
188	9355			0	0	s	S	*
189	9358			0	0	r	R	*
190	9361			0	0	l	L	*
191	9364			0	0	a	A	*
192	9367			0	0	f	F	*
193	9370			0	0	r	H	*
194	9373			0	0	h	H	*
195	9376			0	0	l	V	*
196	9379			0	0	a	A	*
197	9382			0	0	r	R	*
198	9385			0	0	e	E	*
199	9388			0	0	l	L	*
200	9391			0	0	h	H	*
201	9394			0	0	p	P	*
202	9397			0	0	e	E	*
203	9400			0	0	y	Y	*
204	9403			0	0	y	F	*
205	9406			0	0	k	K	*
206	9409			0	0	d	N	*
207	9412			0	0	c	C	9
